model,f1_val,accuracy_test,f1_macro_test
rf,1.0,1.0,1.0
logreg,0.9980567454874893,0.9979973297730307,0.9980546297212223
